w_um,l_um,metric_name,target_value,simulated_value,relative_error
0.14,0.028,vtlin_v,0.607256809237,0.612901,0.009294569739105606
0.14,0.028,vtsat_v,0.359302091745,0.370012,0.02980753104716388
0.14,0.028,idlin_a,1.07430349538e-05,1.07365e-05,0.0006082968014256507
0.14,0.028,idsat_a,0.000215083010603,0.000213924,0.005388666449063763
0.14,0.028,idoff_a,1.76395199322e-12,1.85385e-12,0.050963975848285825
0.14,0.028,isoff_a,5.61341864273e-14,5.38545e-14,0.040611373788278664
0.14,0.056,vtlin_v,0.683399939321,0.659312,0.03524720728675043
0.14,0.056,vtsat_v,0.529739819003,0.540836,0.020946473342108907
0.14,0.056,idlin_a,6.0004196282e-06,5.86683e-06,0.02226338097625259
0.14,0.056,idsat_a,7.47147725441e-05,7.54481e-05,0.00981502627833275
0.14,0.056,idoff_a,1.83785314152e-12,1.80005e-12,0.020569185135616966
0.14,0.056,isoff_a,5.02116656174e-17,5.13351e-17,0.02237397164157594
0.14,0.14,vtlin_v,0.476146671373,0.493972,0.03743663391702296
0.14,0.14,vtsat_v,0.460251471844,0.450293,0.021637023351824023
0.14,0.14,idlin_a,3.77085419596e-06,3.661e-06,0.02913244327444298
0.14,0.14,idsat_a,4.3302819656e-05,4.39891e-05,0.01584839854429458
0.14,0.14,idoff_a,1.80288117263e-12,1.80061e-12,0.0012597461576943558
0.14,0.14,isoff_a,5.85053192709e-16,6.06954e-16,0.03743387364419223
0.14,0.28,vtlin_v,0.395613380354,0.402638,0.01775627416776011
0.14,0.28,vtsat_v,0.389404206448,0.373787,0.040105387125769276
0.14,0.28,idlin_a,2.31131976243e-06,2.40304e-06,0.03968305859746983
0.14,0.28,idsat_a,3.00199785067e-05,2.92016e-05,0.027261129001719658
0.14,0.28,idoff_a,1.87112886278e-12,1.80632e-12,0.03463623701668053
0.14,0.28,isoff_a,6.44233464974e-15,6.31633e-15,0.019558848863134647
0.14,0.56,vtlin_v,0.339746089048,0.349275,0.02804715421066618
0.14,0.56,vtsat_v,0.333582702865,0.324607,0.02690697925255581
0.14,0.56,idlin_a,1.38776527008e-06,1.42227e-06,0.024863520268100403
0.14,0.56,idsat_a,1.79715847597e-05,1.76706e-05,0.01674781404781493
0.14,0.56,idoff_a,1.78333334005e-12,1.8163e-12,0.018485977472431307
0.14,0.56,isoff_a,1.58620430293e-14,1.62961e-14,0.027364505940263708
0.14,1.5,vtlin_v,0.341781411157,0.332522,0.027091617199586773
0.14,1.5,vtsat_v,0.321122117967,0.313331,0.02426216548497181
0.14,1.5,idlin_a,6.650923906e-07,6.76065e-07,0.016497872408525363
0.14,1.5,idsat_a,7.78349178372e-06,7.94592e-06,0.020868296748219696
0.14,1.5,idoff_a,1.83795730151e-12,1.81004e-12,0.01518930906994639
0.14,1.5,isoff_a,1.0316913452e-14,1.00387e-14,0.026966733150801683
0.14,2.7,vtlin_v,0.333379018094,0.332655,0.002171756633453992
0.14,2.7,vtsat_v,0.305538792272,0.314741,0.0301179685223339
0.14,2.7,idlin_a,4.04313101241e-07,4.17126e-07,0.03169053567562382
0.14,2.7,idsat_a,4.84560129168e-06,4.84106e-06,0.0009371987926034591
0.14,2.7,idoff_a,1.86434262257e-12,1.80526e-12,0.03169086081857337
0.14,2.7,isoff_a,5.30052974735e-15,5.25766e-15,0.008087823178698826
0.28,0.028,vtlin_v,0.639089835268,0.618795,0.03175584111659272
0.28,0.028,vtsat_v,0.354842191208,0.357553,0.007639477094794004
0.28,0.028,idlin_a,2.42560375745e-05,2.36266e-05,0.025949727879780275
0.28,0.028,idsat_a,0.000482249308817,0.000484869,0.005432234189047082
0.28,0.028,idoff_a,2.04253457748e-12,1.99007e-12,0.025686016804047987
0.28,0.028,isoff_a,1.96191911378e-13,1.90069e-13,0.03120878600444988
0.28,0.056,vtlin_v,0.661258993729,0.646739,0.02195810396032312
0.28,0.056,vtsat_v,0.528515591976,0.529547,0.001951518630025341
0.28,0.056,idlin_a,1.35136710316e-05,1.3532e-05,0.0013563278517835645
0.28,0.056,idsat_a,0.000170554214957,0.000171715,0.006805959285689068
0.28,0.056,idoff_a,1.79855478263e-12,1.80015e-12,0.000886943998262494
0.28,0.056,isoff_a,1.50873785363e-16,1.50648e-16,0.0014965181821133147
0.28,0.14,vtlin_v,0.464609724951,0.480634,0.03448975384811414
0.28,0.14,vtsat_v,0.421157404491,0.435946,0.03511417667433187
0.28,0.14,idlin_a,8.30165158917e-06,8.34722e-06,0.005489077726346195
0.28,0.14,idsat_a,9.97786817858e-05,9.85599e-05,0.012214851549316104
0.28,0.14,idoff_a,1.82866407446e-12,1.80202e-12,0.014570240008607339
0.28,0.14,isoff_a,1.95321363284e-15,2.02178e-15,0.03510438694834595
0.28,0.28,vtlin_v,0.372641981673,0.386861,0.0381573172812221
0.28,0.28,vtsat_v,0.373370634619,0.359111,0.03819163398736753
0.28,0.28,idlin_a,5.59258479736e-06,5.41436e-06,0.03186805454324662
0.28,0.28,idsat_a,6.35475933489e-05,6.53236e-05,0.027947661862646238
0.28,0.28,idoff_a,1.77700936804e-12,1.8195e-12,0.02391131567689266
0.28,0.28,isoff_a,1.91744511753e-14,1.94958e-14,0.01675921890864618
0.28,0.56,vtlin_v,0.327793984667,0.336848,0.027621053943981913
0.28,0.56,vtsat_v,0.326976242083,0.312989,0.04277754858852855
0.28,0.56,idlin_a,3.23406039972e-06,3.23389e-06,5.268909634931296e-05
0.28,0.56,idsat_a,4.04151231092e-05,3.96601e-05,0.018681697619971432
0.28,0.56,idoff_a,1.93383725111e-12,1.84958e-12,0.04356998039087172
0.28,0.56,isoff_a,4.78630365153e-14,4.95761e-14,0.03579094870323151
0.28,1.5,vtlin_v,0.309844688791,0.316057,0.020049758584664183
0.28,1.5,vtsat_v,0.304016287038,0.297148,0.022591839091638782
0.28,1.5,idlin_a,1.55743517853e-06,1.56508e-06,0.004908596887618516
0.28,1.5,idsat_a,1.88976760017e-05,1.88556e-05,0.0022265172551490086
0.28,1.5,idoff_a,1.89319522879e-12,1.83395e-12,0.03129377672680145
0.28,1.5,isoff_a,3.30071290953e-14,3.39451e-14,0.028417221685407515
0.28,2.7,vtlin_v,0.319691486744,0.32141,0.005375536500839365
0.28,2.7,vtsat_v,0.303947650953,0.303531,0.0013707983979927456
0.28,2.7,idlin_a,9.38792349763e-07,9.63345e-07,0.026153440900107797
0.28,2.7,idsat_a,1.1605533742e-05,1.12569e-05,0.030040302303228624
0.28,2.7,idoff_a,1.85653224425e-12,1.81569e-12,0.02199921082787298
0.28,2.7,isoff_a,1.61363353133e-14,1.56879e-14,0.02779040622255713
0.56,0.028,vtlin_v,0.626161376792,0.604286,0.03493568527665136
0.56,0.028,vtsat_v,0.359499018011,0.355746,0.01043957792086414
0.56,0.028,idlin_a,5.09726981684e-05,5.21782e-05,0.02364995134488176
0.56,0.028,idsat_a,0.00107175274447,0.00105144,0.018952827109432732
0.56,0.028,idoff_a,2.20539010107e-12,2.18047e-12,0.011299634045654525
0.56,0.028,isoff_a,3.94245068992e-13,3.80473e-13,0.03493276156176719
0.56,0.056,vtlin_v,0.637475581585,0.629206,0.01297238956892854
0.56,0.056,vtsat_v,0.522433855683,0.512899,0.018250838032950085
0.56,0.056,idlin_a,3.21099020326e-05,3.11168e-05,0.030928217457398103
0.56,0.056,idsat_a,0.000402491735595,0.000401609,0.002193176944850991
0.56,0.056,idoff_a,1.8510624211e-12,1.80053e-12,0.027299144817585805
0.56,0.056,isoff_a,5.13507776672e-16,5.29391e-16,0.030930833084822668
0.56,0.14,vtlin_v,0.453795549576,0.468115,0.03155484983794854
0.56,0.14,vtsat_v,0.428797525649,0.422681,0.014264367873257734
0.56,0.14,idlin_a,1.86436827627e-05,1.85457e-05,0.005255547626889994
0.56,0.14,idsat_a,0.000220656372293,0.000221445,0.0035740083044272734
0.56,0.14,idoff_a,1.75436202353e-12,1.8058e-12,0.029320046706494605
0.56,0.14,isoff_a,5.67084978378e-15,5.79542e-15,0.021966763530979195
0.56,0.28,vtlin_v,0.391723780037,0.375542,0.041309159314942674
0.56,0.28,vtsat_v,0.339556197149,0.343024,0.010212750879284683
0.56,0.28,idlin_a,1.20677615745e-05,1.22414e-05,0.014388619167527256
0.56,0.28,idsat_a,0.000147311811789,0.000147654,0.002322883731076006
0.56,0.28,idoff_a,1.94508362969e-12,1.86461e-12,0.04137283788811969
0.56,0.28,isoff_a,6.21239715388e-14,6.46096e-14,0.04001077844238559
0.56,0.56,vtlin_v,0.318898467332,0.326414,0.02356716459278458
0.56,0.56,vtsat_v,0.306557011993,0.303013,0.011560694599544681
0.56,0.56,idlin_a,7.64015947885e-06,7.7262e-06,0.011261613240951814
0.56,0.56,idsat_a,9.36946630305e-05,9.32429e-05,0.004821651691654441
0.56,0.56,idoff_a,1.95755471945e-12,1.94368e-12,0.0070877811547961096
0.56,0.56,isoff_a,1.40376658532e-13,1.43683e-13,0.023553356395402986
0.56,1.5,vtlin_v,0.317172569566,0.310188,0.022021354417745623
0.56,1.5,vtsat_v,0.29446092293,0.291506,0.01003502570255288
0.56,1.5,idlin_a,3.73826454939e-06,3.67405e-06,0.017177636451780408
0.56,1.5,idsat_a,4.14380232793e-05,4.09883e-05,0.010852913428538356
0.56,1.5,idoff_a,1.80390174901e-12,1.89597e-12,0.05103839554483948
0.56,1.5,isoff_a,1.00904962491e-13,9.59706e-14,0.04890108840226869
0.56,2.7,vtlin_v,0.319006522054,0.309799,0.02886311538308106
0.56,2.7,vtsat_v,0.298263984406,0.291944,0.02118923080366681
0.56,2.7,idlin_a,2.13118591586e-06,2.213e-06,0.03838899437686329
0.56,2.7,idsat_a,2.46058072045e-05,2.51814e-05,0.023392558948227934
0.56,2.7,idoff_a,1.85981199195e-12,1.84858e-12,0.006039315801068297
0.56,2.7,isoff_a,5.05166144841e-14,4.85771e-14,0.038393595926949145
1.5,0.028,vtlin_v,0.572007008985,0.582421,0.01820605491089891
1.5,0.028,vtsat_v,0.332216358942,0.340171,0.02394415820862313
1.5,0.028,idlin_a,0.000170390558082,0.000171336,0.005548675517249047
1.5,0.028,idsat_a,0.00344152736084,0.00340486,0.010654385973282028
1.5,0.028,idoff_a,3.5147306477e-12,3.59887e-12,0.023939061263502478
1.5,0.028,isoff_a,1.80426613579e-12,1.79887e-12,0.0029907648782851086
1.5,0.056,vtlin_v,0.612212903842,0.608919,0.005380324101842361
1.5,0.056,vtsat_v,0.474551911022,0.492959,0.038788357080594776
1.5,0.056,idlin_a,9.4162819186e-05,9.79644e-05,0.04037241925064641
1.5,0.056,idsat_a,0.00131948752202,0.00126867,0.03851307509312677
1.5,0.056,idoff_a,1.8811071109e-12,1.80278e-12,0.04163883621838258
1.5,0.056,isoff_a,2.81896857247e-15,2.77923e-15,0.0140968483501683
1.5,0.14,vtlin_v,0.446992238857,0.449818,0.006321723057710604
1.5,0.14,vtsat_v,0.398718360312,0.405531,0.017086345566502282
1.5,0.14,idlin_a,6.34614643886e-05,6.14821e-05,0.03119002071051428
1.5,0.14,idsat_a,0.000707176846631,0.000723917,0.023671806350491154
1.5,0.14,idoff_a,1.77656212951e-12,1.83227e-12,0.031357119216182325
1.5,0.14,isoff_a,3.23320453456e-14,3.2275e-14,0.001764359321850357
1.5,0.28,vtlin_v,0.356373509737,0.354484,0.00530204879255591
1.5,0.28,vtsat_v,0.33464600931,0.324648,0.02987637393499686
1.5,0.28,idlin_a,4.15412385789e-05,4.0523e-05,0.02451151226427785
1.5,0.28,idsat_a,0.000495386565141,0.000480591,0.029866706491704663
1.5,0.28,idoff_a,2.16668744653e-12,2.13289e-12,0.015598671873106387
1.5,0.28,isoff_a,3.32451694292e-13,3.32892e-13,0.0013244201054162527
1.5,0.56,vtlin_v,0.301315614128,0.306183,0.016153779106622367
1.5,0.56,vtsat_v,0.286979108432,0.282897,0.014224409763846015
1.5,0.56,idlin_a,2.57368947482e-05,2.50291e-05,0.02750117118342338
1.5,0.56,idsat_a,0.000300690878359,0.000301762,0.0035622019758151102
1.5,0.56,idoff_a,2.60865741194e-12,2.59106e-12,0.0067457734616494175
1.5,0.56,isoff_a,7.69883311571e-13,7.91058e-13,0.027503763376545507
1.5,1.5,vtlin_v,0.2881315453,0.286958,0.004072949731269923
1.5,1.5,vtsat_v,0.272279577031,0.268475,0.01397305325829411
1.5,1.5,idlin_a,1.18335144998e-05,1.16251e-05,0.017612223300484564
1.5,1.5,idsat_a,0.000130684442134,0.000131926,0.009500425955271279
1.5,1.5,idoff_a,2.27070062404e-12,2.31838e-12,0.020997649560323652
1.5,1.5,isoff_a,5.2948738533e-13,5.18383e-13,0.02097195445568414
1.5,2.7,vtlin_v,0.286861140718,0.286672,0.0006593459034800409
1.5,2.7,vtsat_v,0.274494670473,0.269639,0.017689489069616097
1.5,2.7,idlin_a,7.54050206438e-06,7.3066e-06,0.03101942846550132
1.5,2.7,idsat_a,8.17301041559e-05,8.34288e-05,0.02078421239816045
1.5,2.7,idoff_a,2.06427098413e-12,2.0747e-12,0.0050521544652700956
1.5,2.7,isoff_a,2.66468221552e-13,2.74702e-13,0.030899663757440687
2.7,0.028,vtlin_v,0.583276238212,0.559253,0.04118672532527966
2.7,0.028,vtsat_v,0.307203664428,0.320282,0.04257219911862476
2.7,0.028,idlin_a,0.000342714261028,0.00034718,0.013030502315849523
2.7,0.028,idsat_a,0.00673085805905,0.00684202,0.016515270411999905
2.7,0.028,idoff_a,8.17226206602e-12,8.25092e-12,0.009624989182255558
2.7,0.028,isoff_a,6.3987447666e-12,6.45092e-12,0.00815397946052529
2.7,0.056,vtlin_v,0.612625823474,0.600652,0.019545084479299906
2.7,0.056,vtsat_v,0.505556164222,0.48539,0.03988906801884952
2.7,0.056,idlin_a,0.000200394264872,0.000195164,0.026099873044474454
2.7,0.056,idsat_a,0.0025028378813,0.00250373,0.0003564428629858788
2.7,0.056,idoff_a,1.8126123908e-12,1.80741e-12,0.0028701066076811895
2.7,0.056,isoff_a,7.71282833433e-15,7.40547e-15,0.03985027554184508
2.7,0.14,vtlin_v,0.420060771806,0.436422,0.038949669410111507
2.7,0.14,vtsat_v,0.410318685698,0.394344,0.038932386593179956
2.7,0.14,idlin_a,0.000119203123708,0.000120713,0.012666415485038718
2.7,0.14,idsat_a,0.00149080096594,0.0014517,0.026228159783452807
2.7,0.14,idoff_a,1.87956234738e-12,1.89891e-12,0.010293700896365231
2.7,0.14,isoff_a,9.69895372967e-14,9.89125e-14,0.019826496309776925
2.7,0.28,vtlin_v,0.32670424252,0.340754,0.04300451494485839
2.7,0.28,vtsat_v,0.325825826121,0.312149,0.0419758810522309
2.7,0.28,idlin_a,8.17216973585e-05,8.18204e-05,0.0012077899100284434
2.7,0.28,idsat_a,0.000958580963112,0.000961705,0.0032590224594675034
2.7,0.28,idoff_a,2.84735917043e-12,2.72694e-12,0.04229152812211413
2.7,0.28,isoff_a,8.87965446994e-13,9.26937e-13,0.04388859176663807
2.7,0.56,vtlin_v,0.291552826671,0.295872,0.01481437644874537
2.7,0.56,vtsat_v,0.268666246272,0.27206,0.012631857462899092
2.7,0.56,idlin_a,4.99254784126e-05,5.14333e-05,0.030201444940374574
2.7,0.56,idsat_a,0.000615536964726,0.000620027,0.007294501437454166
2.7,0.56,idoff_a,3.88431380956e-12,4.00335e-12,0.03064535881396345
2.7,0.56,isoff_a,2.27348401894e-12,2.20335e-12,0.030848696694468013
2.7,1.5,vtlin_v,0.265125442414,0.271775,0.02508079769883627
2.7,1.5,vtsat_v,0.257416728746,0.253044,0.01698696416235916
2.7,1.5,idlin_a,2.3615864223e-05,2.35366e-05,0.0033563973035889406
2.7,1.5,idsat_a,0.00027392738181,0.000270392,0.012906273869518417
2.7,1.5,idoff_a,3.40747388631e-12,3.43336e-12,0.007596863410751501
2.7,1.5,isoff_a,1.59346612347e-12,1.63336e-12,0.025035911302039693
2.7,2.7,vtlin_v,0.288835131451,0.277923,0.03777979290878339
2.7,2.7,vtsat_v,0.251699555199,0.26064,0.035520304332407104
2.7,2.7,idlin_a,1.43415861016e-05,1.47496e-05,0.02844970531916837
2.7,2.7,idsat_a,0.000163454401447,0.00016672,0.019978651685674448
2.7,2.7,idoff_a,2.52767610748e-12,2.54157e-12,0.0054967060371716595
2.7,2.7,isoff_a,7.70686711109e-13,7.41573e-13,0.03777632426943773
5.4,0.028,vtlin_v,0.525302185781,0.540201,0.028362368599036132
5.4,0.028,vtsat_v,0.30749315197,0.310625,0.010185098464584826
5.4,0.028,idlin_a,0.00079405239367,0.000776427,0.022196764105877016
5.4,0.028,idsat_a,0.0153614349993,0.0152663,0.0061931062628156645
5.4,0.028,idoff_a,2.2024231878e-11,2.15401e-11,0.021981782642036134
5.4,0.028,isoff_a,1.91933328275e-11,1.97401e-11,0.028487349092211817
5.4,0.056,vtlin_v,0.577103451371,0.586276,0.01589411501041821
5.4,0.056,vtsat_v,0.463580436747,0.471979,0.01811673355315361
5.4,0.056,idlin_a,0.000437183400071,0.000436195,0.0022608362322070366
5.4,0.056,idsat_a,0.0054944556595,0.00557375,0.014431700866108234
5.4,0.056,idoff_a,1.89038493056e-12,1.82315e-12,0.03556679355250828
5.4,0.056,isoff_a,2.3149735187e-14,2.31498e-14,2.7997296502954945e-06
5.4,0.14,vtlin_v,0.434388265256,0.423573,0.02489769204429638
5.4,0.14,vtsat_v,0.388118158925,0.379488,0.02223590606763574
5.4,0.14,idlin_a,0.000275077476325,0.000275448,0.0013469793308786497
5.4,0.14,idsat_a,0.0032779293822,0.00321529,0.01910943613982293
5.4,0.14,idoff_a,2.1105120897e-12,2.12127e-12,0.005097298590471051
5.4,0.14,isoff_a,3.29476475819e-13,3.21275e-13,0.024892447324541368
5.4,0.28,vtlin_v,0.323717267552,0.331004,0.022509557500912575
5.4,0.28,vtsat_v,0.312018453013,0.302393,0.03084898639824664
5.4,0.28,idlin_a,0.000189280979493,0.000189671,0.0020605372396354637
5.4,0.28,idsat_a,0.00212215847411,0.00218487,0.0295508213241712
5.4,0.28,idoff_a,4.85338104779e-12,4.9257e-12,0.014900736517057665
5.4,0.28,isoff_a,3.22158101146e-12,3.1257e-12,0.029762098522100308
5.4,0.56,vtlin_v,0.269848423206,0.278741,0.03295396981886939
5.4,0.56,vtsat_v,0.246658047357,0.255138,0.03437938771454933
5.4,0.56,idlin_a,0.000111023219638,0.00011342,0.021588099947154136
5.4,0.56,idsat_a,0.00135533198913,0.00132606,0.021597652357331177
5.4,0.56,idoff_a,9.6107004858e-12,9.75369e-12,0.014878157363375194
5.4,0.56,isoff_a,7.70370971679e-12,7.95369e-12,0.032449338357749345
5.4,1.5,vtlin_v,0.251271100166,0.261015,0.038778434239205226
5.4,1.5,vtsat_v,0.252586108301,0.242516,0.03986802112252229
5.4,1.5,idlin_a,5.58178820471e-05,5.50711e-05,0.013378903313992715
5.4,1.5,idsat_a,0.000596459608117,0.000606807,0.01734801777385444
5.4,1.5,idoff_a,7.02972193344e-12,7.0853e-12,0.007906154338142209
5.4,1.5,isoff_a,5.37766492908e-12,5.2853e-12,0.017175657148241468
5.4,2.7,vtlin_v,0.258132232658,0.261663,0.013678134286615403
5.4,2.7,vtsat_v,0.23728141886,0.244284,0.029511713026849486
5.4,2.7,idlin_a,3.51829266688e-05,3.38775e-05,0.037103981743441525
5.4,2.7,idsat_a,0.000374507796361,0.000375491,0.0026253222190660707
5.4,2.7,idoff_a,4.19994374789e-12,4.35579e-12,0.03710674748639086
5.4,2.7,isoff_a,2.62115512493e-12,2.55579e-12,0.024937526325057024
