candidate_id,vtlin_v,vtsat_v,idlin_a,idsat_a,idoff_a,isoff_a,w_min_l_min__toxe,w_min_l_min__vth0,w_min_l_min__u0,w_min_l_min__vsat,w_min_l_min__rdsw,w_min_l_min__nfactor,w_min_l_min__eta0,w_min_l_min__cit,w_min_l_min__voff,w_min_l_min__k2,w_min_l_min__ub,w_min_l_min__uc,w_min_l_min__a0,w_min_l_min__keta,w_min_l_max__toxe,w_min_l_max__vth0,w_min_l_max__u0,w_min_l_max__vsat,w_min_l_max__rdsw,w_min_l_max__nfactor,w_min_l_max__eta0,w_min_l_max__cit,w_min_l_max__voff,w_min_l_max__k2,w_min_l_max__ub,w_min_l_max__uc,w_min_l_max__a0,w_min_l_max__keta,w_max_l_min__toxe,w_max_l_min__vth0,w_max_l_min__u0,w_max_l_min__vsat,w_max_l_min__rdsw,w_max_l_min__nfactor,w_max_l_min__eta0,w_max_l_min__cit,w_max_l_min__voff,w_max_l_min__k2,w_max_l_min__ub,w_max_l_min__uc,w_max_l_min__a0,w_max_l_min__keta,w_max_l_max__toxe,w_max_l_max__vth0,w_max_l_max__u0,w_max_l_max__vsat,w_max_l_max__rdsw,w_max_l_max__nfactor,w_max_l_max__eta0,w_max_l_max__cit,w_max_l_max__voff,w_max_l_max__k2,w_max_l_max__ub,w_max_l_max__uc,w_max_l_max__a0,w_max_l_max__keta
1,0.01804710895482982,0.11393473885694218,0.14237455719914377,0.08946231483476082,2.6892001705250115,3.139552036849083,1.0233505280931982e-09,0.2821267462736402,427.322194200276,104909.47459834328,151.9275458115939,1.0188363907262197,0.0600061238731303,0.0001545154160878934,-0.11881924818059218,0.007168050050440899,4.078778894340578e-18,-0.04029410842108176,0.9844970658116756,-0.04912533618469211,1.1561595253173045e-09,0.374398337833499,486.1731210336729,92488.3416221712,220.74381855982122,1.1424440525774255,0.0305795962117974,0.00010194878462692938,-0.08669375041378624,0.056460190951444784,1.946337717526995e-18,-0.029684765895118703,0.9464504521221555,-0.01708263841543949,1.0066392193884503e-09,0.2598298118743866,644.3113900046734,125531.51494452204,97.08823556536461,0.9922017928243316,0.048056788372142126,0.00010063109433149558,-0.17677557541304575,-0.008739003197709662,3.23706288093422e-18,-0.049028950867331104,1.3277095097853144,-0.05485780768946488,1.1373427240490322e-09,0.3220294953155051,734.5943959396599,112245.69203308827,183.54050945927253,1.1045405292121744,0.018401453065170895,7.340281975578417e-05,-0.08142959147042528,0.03770350242076307,1.7243508037964492e-18,-0.023800275839109215,1.2239731653203327,-0.011868425778837784
2,0.08539746277717049,0.13384255021017197,0.04410211964495845,0.01934593541015662,0.03461861892389509,0.7529099309568965,9.598765623176951e-10,0.2950088107699774,459.13569943176896,103703.98316963133,159.69230772092425,1.0799324298279824,0.05997972894839469,0.00013850973140068477,-0.1189876252587706,0.02226890868937678,4.0979222172104556e-18,-0.041033031169546756,1.1625033186225098,-0.05065713595062509,1.1561288551205996e-09,0.37386114039934865,501.46582671912967,93369.34641872515,240.9968936140239,1.140366879357504,0.03011006380725111,0.00010531885446223259,-0.09185324825699852,0.052650189363150884,2.306328668916939e-18,-0.024895505921305097,0.9619299789888099,-0.020029500214955146,1.0090529505999924e-09,0.2616170871075509,643.1619582302504,125540.37372099006,122.10109050735312,1.0406175699668458,0.05015645616521369,0.00013169255767036975,-0.1346198787430306,-0.007489462287222949,3.3152848566794333e-18,-0.04692986543766462,1.342591235757758,-0.05177983380875584,1.1454074140583823e-09,0.33980940807544613,718.1721566312121,114861.58962909886,179.48540180370452,1.10475150967045,0.019964708935991813,8.507434654880204e-05,-0.09201469100350664,0.03690470403772306,1.4964264014146147e-18,-0.025047647981138472,1.199672429630498,-0.016611910178013913
3,0.08531677203932346,0.13370339154355482,0.04409960091947386,0.01198160273991916,0.11163393613201299,0.7524984170209117,9.598765623176951e-10,0.2950088107699774,458.3166616312932,103703.98316963133,159.90269895229451,1.0799324298279824,0.05997972894839469,0.00013850973140068477,-0.1189876252587706,0.02226890868937678,4.0979222172104556e-18,-0.041033031169546756,0.9961329894606481,-0.05065713595062509,1.1561787045172518e-09,0.37386114039934865,501.4675174300148,93369.34641872515,240.9968936140239,1.140366879357504,0.03011006380725111,0.000105346700992841,-0.09185324825699852,0.05311006380725111,2.306328668916939e-18,-0.024895505921305097,0.9619299789888099,-0.01692662412849926,1.0090529505999924e-09,0.2616170871075509,643.1619582302504,125540.37372099006,122.10109050735312,1.0406175699668458,0.05018527099005374,0.00011617960586795215,-0.1346198787430306,-0.0077732648540161636,3.3152848566794333e-18,-0.04692986543766462,1.342591235757758,-0.05177983380875584,1.1454074140583823e-09,0.33980940807544613,718.1703175242827,112137.60868204535,179.48540180370452,1.104610572787449,0.019964708935991813,6.519647024004484e-05,-0.09560814430843272,0.03690470403772306,1.4964264014146147e-18,-0.025047647981138472,1.2323590669018982,-0.016611910178013913
4,0.29756227209844727,0.2929212084870893,0.020627828322656076,0.07600430195467131,0.20182026207275774,37.45200568903473,9.953355259296298e-10,0.2762368703789086,392.9976197419901,98034.01301297035,153.10542241169935,1.0807343287866602,0.05428948961604193,0.00015380541383181557,-0.1481034492586636,0.007148982543562959,3.742589910188743e-18,-0.044594995384089384,1.1631172296383157,-0.053074118468413284,1.1644067921552845e-09,0.3093896334440844,495.862662927242,89966.56791370857,221.12841733224528,1.0596187332700158,0.03450300754270504,0.00010759103880669297,-0.12426178527106246,0.0526414520028551,2.82907963670775e-18,-0.012374343814007673,0.8337037163634106,-0.021068070325443656,1.0166643549296377e-09,0.2599120579569439,646.105202155344,136454.4786336007,120.87923122546867,0.9734234431843275,0.04971341461288272,0.00013216487921611887,-0.13375440902169414,-0.02007097663267137,3.2549993353538205e-18,-0.05574416736589233,1.4441048912594878,-0.04742433561918333,1.1449704581039215e-09,0.36766146269808575,683.8017034945669,100878.51864764316,188.78557096210298,1.1023451079520021,0.020061769638775876,7.444984580988364e-05,-0.10731446789765041,0.0452592577743641,1.2026961967595443e-18,-0.026378571227969726,1.0510578094308083,-0.01708433757048835
5,0.04824806540890039,0.032631560967630646,0.042365056290833994,0.024774780485164075,0.052369909802005905,0.04412298687837149,9.991553728497788e-10,0.2949594578967894,419.7729642220205,104950.33592356699,159.90269895229451,1.0799324298279824,0.05997972894839469,0.00015490573961003535,-0.1350270280688071,0.00797972894839469,4.0979222172104556e-18,-0.04701013552580265,0.9798986447419734,-0.04801351403440354,1.1552738907641156e-09,0.37522012761450224,501.4675174300148,95243.97477273995,220.72642112785732,1.140366879357504,0.03011006380725111,0.000105346700992841,-0.09185324825699852,0.05311006380725111,2.306328668916939e-18,-0.024944968096374445,0.8205503190362555,-0.01692662412849926,1.0077196245855722e-09,0.2603705419801075,643.1619582302504,125540.37372099006,120.66697556419345,1.0406175699668458,0.05018527099005374,0.0001307225568612096,-0.1347529720132617,-0.007814729009946265,3.3152848566794333e-18,-0.04690736450497313,1.3609263549502686,-0.047876486006630845,1.1454337351408966e-09,0.33980940807544613,718.1703175242827,114744.28916789021,179.48540180370452,1.0996823467924104,0.01990470403772306,7.977128969053536e-05,-0.09212706128303592,0.03690470403772306,1.4964264014146147e-18,-0.025047647981138472,1.1995235201886152,-0.01706353064151796
6,0.048194762756145586,0.023733763760586356,0.09573039259601632,0.07912298863256952,0.07779062571353193,0.44671766134956636,9.95357849165348e-10,0.29385134313589145,392.6076408028907,104859.33665055051,159.90269895229451,0.9534880621251902,0.05998795847635979,0.00015172394280398574,-0.14828088924883437,0.009875729057631075,4.0979222172104556e-18,-0.04701013552580265,0.9798986447419734,-0.04801351403440354,1.1552738907641156e-09,0.37522012761450224,495.62557191535296,95243.97477273995,220.93246830889188,1.06652657945684,0.024664071903641265,0.00011241976125562066,-0.10364892194878053,0.02675971022272035,2.306328668916939e-18,-0.012215191080510024,0.8335438312873579,-0.023046185158394177,1.0080548985036048e-09,0.2603701059599378,642.2108388620275,124270.63639944902,120.50998726558623,1.0413547122321534,0.04973635295128223,0.00012140506850234187,-0.13474977080080477,-0.02073241462100895,3.3152848566794333e-18,-0.04699882316730891,1.5541306651308442,-0.05543810624338876,1.145426182666888e-09,0.34176902719338753,718.6024238459329,100882.93190418293,179.5363113667226,1.0996631529232685,0.01803828813972171,7.9675738733949e-05,-0.09576738965033924,0.03692219986361564,1.4964264014146147e-18,-0.026338550982683222,1.1554218288860096,-0.016104021874419353
7,0.03391726648254979,0.0798745468071698,0.32319729031266153,0.27299990830681,0.27594089865899646,3.50997896491963,9.991169249081685e-10,0.28190524295189245,427.85216976348556,105361.11709725682,151.93750047776777,1.0780782346728046,0.0653402276645286,0.00015354575665438088,-0.15684110822640684,0.006904643628093981,4.995200827535443e-18,-0.04026133649793392,1.147904655633686,-0.048009658729553255,1.1336228707191413e-09,0.3744428564897512,570.262619543198,99987.64920276757,219.70004346921982,1.077487145963044,0.03085033622807186,0.00010694229165531477,-0.0866934385916808,0.050823313357617715,1.946337717526995e-18,-0.02987312478081291,0.9264565199348935,-0.019811106992263176,1.016773903488283e-09,0.25901653218741927,627.2091306200439,125976.66216727435,97.16611374955667,1.039654560180403,0.047982519153090084,0.000130624703916738,-0.13523869708185424,-0.010278551312083346,3.069822814398469e-18,-0.049028950867331104,1.330746793125173,-0.05179509189237801,1.1373427240490322e-09,0.32199196987570017,756.6185290431221,107036.81785552397,179.52637844505404,1.1081397888729416,0.01269209511721253,7.383864045097751e-05,-0.08141170299575465,0.028247334519076243,1.7243508037964492e-18,-0.023875143198482853,1.132185172334612,-0.014280896114257275
8,0.2800566713159935,0.27458638442647404,0.015420966423948542,0.08929107474912466,0.6543066726606137,30.266308821841008,9.9544559438319e-10,0.27709885484082164,393.4198422250554,98509.6264237726,153.10542241169935,0.9614438915231258,0.05978776003403596,0.00015380541383181557,-0.13055806260713435,0.010403679215534903,3.742589910188743e-18,-0.04456110628798133,1.1631172296383157,-0.053074118468413284,1.1642220386047263e-09,0.3152825246048655,518.9779521533396,90140.22165272175,231.64904123045747,1.0596187332700158,0.03463174243224484,0.00010409727468597899,-0.12373421936810072,0.05265019370101515,2.82907963670775e-18,-0.012280209762432263,0.8233906316193819,-0.023369084879243947,1.0166643549296377e-09,0.2598482270470869,627.3795689629666,125399.21308160904,99.49358049208482,0.9734234431843275,0.05018564063197967,0.00013216487921611887,-0.09738942617297106,-0.02026745361225807,3.2549993353538205e-18,-0.05574416736589233,1.3983284859638674,-0.055047824370250915,1.1449704581039215e-09,0.342288023058833,656.968044064001,100878.51864764316,188.78557096210298,1.1023451079520021,0.017908912103774148,8.535404609016098e-05,-0.10677380545328463,0.04547931794851996,1.2026961967595443e-18,-0.026378571227969726,1.0487788377621021,-0.01605494545832649
9,0.01804710895482982,0.11393473885694218,0.14237455719914377,0.08946231483476082,2.6892001705250115,3.139552036849083,1.0233505280931982e-09,0.2821267462736402,427.322194200276,104909.47459834328,151.9275458115939,1.0188363907262197,0.0600061238731303,0.0001545154160878934,-0.11881924818059218,0.007168050050440899,4.078778894340578e-18,-0.04029410842108176,0.9844970658116756,-0.04912533618469211,1.1561595253173045e-09,0.374398337833499,486.1731210336729,92488.3416221712,220.74381855982122,1.1424440525774255,0.0305795962117974,0.00010194878462692938,-0.08669375041378624,0.056460190951444784,1.946337717526995e-18,-0.029684765895118703,0.9464504521221555,-0.01708263841543949,1.0066392193884503e-09,0.2598298118743866,644.3113900046734,125531.51494452204,97.08823556536461,0.9922017928243316,0.048056788372142126,0.00010063109433149558,-0.17677557541304575,-0.008739003197709662,3.23706288093422e-18,-0.049028950867331104,1.3277095097853144,-0.057930572109489806,1.1373427240490322e-09,0.3220294953155051,734.5943959396599,112245.69203308827,183.54050945927253,1.1045405292121744,0.018401453065170895,7.340281975578417e-05,-0.08142959147042528,0.03770350242076307,1.7243508037964492e-18,-0.023800275839109215,1.2239731653203327,-0.011868425778837784
10,0.03330684634465135,0.0998132005600802,0.11014211170084187,0.10706797301106988,0.2773884762856382,5.289144324862012,1.0228973311006649e-09,0.28190524295189245,383.043055366785,101444.49822408445,153.0137064940273,1.2244477408726486,0.05934932126463606,0.00015354575665438088,-0.1574632206133456,0.007151305381324464,4.078778894340578e-18,-0.04055732533678676,0.8342408755590988,-0.04904093173628698,1.132284712228839e-09,0.3731082083972384,476.97737407106456,107510.06292489872,243.81330943617627,1.0799677656039368,0.034655864440913745,0.00012679568608076357,-0.08685308211979947,0.050823313357617715,1.946337717526995e-18,-0.029684765895118703,0.7817569207545175,-0.02104232665920785,1.0135998172688044e-09,0.24845059645470816,592.075455183148,125940.9245813497,97.16691826423019,1.003628912435689,0.04797761892091988,0.00011498232985516795,-0.1330294361896321,0.0035973353059065164,3.23706288093422e-18,-0.04634758046086062,1.327302025540536,-0.05520053202121377,1.1373427240490322e-09,0.3218495244612131,722.0496575692962,106917.40458584864,183.60822521139954,1.1082754804010706,0.01884298279638263,7.340281975578417e-05,-0.08108026343363367,0.016114373486946672,1.7243508037964492e-18,-0.026485300689002234,1.2250273865167305,-0.014282919217967377
11,0.023896299789923938,0.047481226415814336,0.10751291034303588,0.09240623212070101,0.7956494564291383,0.9667141886851127,9.990281016004642e-10,0.29563502268763714,383.6182246731508,108481.96301283335,153.0747202259541,0.9473176606789886,0.0599686040459045,0.00015497748964285053,-0.14745442783790563,-0.012220809691194441,4.0979222172104556e-18,-0.044597456335343344,1.1671946894940233,-0.05339688143961894,1.154677411649607e-09,0.373158009481155,501.02201010289804,95243.97477273995,232.07186547900514,1.140366879357504,0.0301276592789651,0.0001266422102491211,-0.09177019651454102,0.05083527739546709,2.170676782141283e-18,-0.024892399115142724,0.7801707816347146,-0.01977287357867995,1.0164565934812332e-09,0.24897014633390616,643.1619582302504,136459.00764363038,120.54624720521917,1.0406175699668458,0.04968482211539623,0.0001307225568612096,-0.135232823732291,0.0037590450179730973,3.3152848566794333e-18,-0.04628573034647544,1.3247290609731326,-0.047876486006630845,1.1454337351408966e-09,0.3416011793625319,717.6517463830605,114384.25819880299,179.65427049187414,1.0997526580023576,0.019937394826541468,8.463266716111798e-05,-0.09212552644213995,0.028367596981369515,1.4964264014146147e-18,-0.026491310689466103,1.1995235201886152,-0.01706353064151796
12,0.08254070779190785,0.07247591657642599,0.04188470966819264,0.02903064701093687,0.4785697833361687,0.5083907422644379,9.991799839763558e-10,0.29369900097191076,419.7729642220205,104855.53937519269,159.49961447552676,0.9564664383036713,0.059976723919958196,0.00014908231329323237,-0.1346461861264313,0.006006961316890184,4.0979222172104556e-18,-0.046925663945444236,0.9790943293008667,-0.04801351403440354,1.1552738907641156e-09,0.3752770327565412,501.4675174300148,93433.73145512262,220.93929266227698,1.1422091691221319,0.02213743272461422,0.00010534832265673574,-0.10399637236895598,0.05192747189464005,2.306328668916939e-18,-0.024944968096374445,0.8324225999168079,-0.017084048560922924,1.0089977430674911e-09,0.26037067583735046,643.158163764644,124285.6377007278,120.67743629017981,1.0416753607444058,0.05018527099005374,0.0001310758100000489,-0.11429535205088256,-0.00781526084561255,3.3152848566794333e-18,-0.05398816604995389,1.3588102467343233,-0.05194155545624483,1.146493951572194e-09,0.3399188441262281,718.1703093874295,115578.43108070221,182.37316239204918,1.0996899617089915,0.01990459816597026,7.97323336040234e-05,-0.09221786542124637,0.03692111065754353,1.4964264014146147e-18,-0.025047647981138472,1.1570396860912924,-0.016600654056478724
13,0.0666256688709851,0.058708427010119975,0.06768131290543418,0.015352334458002463,0.7673617661496378,1.3101430385554333,9.991553728497788e-10,0.2938485837680161,421.05297958485994,101291.07747335493,159.90269895229451,0.9534880621251902,0.05998795847635979,0.00015199458653626378,-0.1583033768048352,0.0069018980875045766,4.0979222172104556e-18,-0.04701013552580265,0.9877045214888645,-0.04801351403440354,1.1552738907641156e-09,0.37550596634437844,475.8837061341428,107910.35671663219,220.93246830889188,1.138023559435046,0.02466870772800688,0.00011424635440127783,-0.10364892194878053,0.02675971022272035,2.306328668916939e-18,-0.024951290797461695,0.8360139313436012,-0.02102231044483875,1.0084624925787306e-09,0.2599157828362794,645.2412146923293,124270.63639944902,120.50998726558623,1.0420832780731077,0.05018527099005374,0.00012204277148570467,-0.13302771907322078,-0.007814729009946265,3.3152848566794333e-18,-0.04699882316730891,1.3609263549502686,-0.04758702105439868,1.1377218572693642e-09,0.32208042676064924,683.7114157409669,102462.95945084351,179.5363113667226,1.1083525600719224,0.019976344776761353,7.9675738733949e-05,-0.09582356427830174,0.036606048772210645,1.4964264014146147e-18,-0.025050882014395023,1.1554218288860096,-0.017092599047530934
14,0.29511160797245944,0.2898839509490224,0.035756737369879235,0.040247867515513513,0.2574905635489968,36.41644881799854,9.952120208706314e-10,0.2967143783528174,417.8385352248533,104928.16029131545,151.19684888960717,1.0821850301207916,0.05428948961604193,0.00014901383836118183,-0.1481034492586636,0.007946138095456592,3.742589910188743e-18,-0.04145095253540089,0.9431779117655175,-0.05328944127126406,1.1550110846597286e-09,0.3099431894822634,495.77370441258313,95230.17225745681,231.64904123045747,1.0590708200883783,0.024981656185043024,0.00013042037913058892,-0.12468212815835775,0.05308508832478866,2.82907963670775e-18,-0.012611038433772908,0.9328485143553006,-0.016166354871645236,1.0325681437720657e-09,0.2802115394002447,644.2553344245833,136191.7805616712,99.49358049208482,0.9734234431843275,0.04972430284729072,0.0001307097006353005,-0.1346890100519434,-0.020686641242158847,3.2549993353538205e-18,-0.05511813471196105,1.4332195181145468,-0.047668651843677634,1.1449704581039215e-09,0.3675407381671115,656.8918863684152,114887.15393793289,188.8731164087949,1.0997018989115253,0.017908912103774148,8.085941474599295e-05,-0.10697019122244056,0.04510302345271913,1.2026961967595443e-18,-0.026403264126030702,1.1991458443156608,-0.016083292390556694
15,0.29415173952654017,0.2887711626268858,0.037908989824853474,0.03776028621962069,0.7598381623795216,35.70916102249577,9.953355259296298e-10,0.2967143783528174,393.0376318307242,97902.77716319337,151.0796155967886,1.0821639103276615,0.05428948961604193,0.0001491200237920651,-0.1481034492586636,0.009885534881513735,3.742589910188743e-18,-0.04124928613415174,0.9417821429836757,-0.053074118468413284,1.1371803789070893e-09,0.3099431894822634,495.862662927242,95098.91194078061,231.64904123045747,1.0596187332700158,0.024859127961107154,0.00013042037913058892,-0.12426178527106246,0.0526414520028551,2.82907963670775e-18,-0.012611038433772908,0.9328485143553006,-0.016166354871645236,1.0325681437720657e-09,0.2802115394002447,620.1857646111208,136035.56823993282,99.49358049208482,0.9734234431843275,0.04972430284729072,0.00013216487921611887,-0.09738942617297106,-0.020686641242158847,3.2549993353538205e-18,-0.05511813471196105,1.4332195181145468,-0.05514056176522771,1.1449704581039215e-09,0.3675407381671115,656.6401342137407,100878.51864764316,188.8731164087949,1.1023451079520021,0.017908912103774148,8.098238195810762e-05,-0.10697019122244056,0.04510302345271913,1.2026961967595443e-18,-0.026403264126030702,1.0510578094308083,-0.016083292390556694
16,0.04806912078893792,0.048496539973851865,0.07770685308629825,0.0605040924071475,0.04594116341685102,0.19853652714346554,9.991553728497788e-10,0.29493347193757347,419.7729642220205,108755.27367933978,159.90269895229451,1.0820762732868225,0.059976992608228044,0.00015490573961003535,-0.1289680298238566,-0.011108111681641043,4.0979222172104556e-18,-0.04663185567420169,0.9798986447419734,-0.04801351403440354,1.1546277211056904e-09,0.37522012761450224,501.4675174300148,95243.97477273995,220.72642112785732,1.140366879357504,0.03011006380725111,0.000105346700992841,-0.09185324825699852,0.05301403598714161,2.2003145147143447e-18,-0.02494955509387379,0.8204839472976757,-0.01620505587664831,1.0070984311865852e-09,0.2603705419801075,643.1619582302504,125540.37372099006,120.68734624934802,1.0406175699668458,0.05018527099005374,0.0001307225568612096,-0.135232823732291,-0.007739268884563411,3.3152848566794333e-18,-0.046907313613294185,1.3586974863666326,-0.047876486006630845,1.1454337351408966e-09,0.3417530139523594,718.1703175242827,114856.9895425233,179.48540180370452,1.0996823467924104,0.01990470403772306,7.943656730401772e-05,-0.09212689603816843,0.028367596981369515,1.4964264014146147e-18,-0.025047522396868638,1.1995235201886152,-0.01706353064151796
17,0.06825859058587685,0.10766949585476508,0.05949908853197744,0.023906295168175093,0.10150463279518315,0.5886033842013243,9.995427277800493e-10,0.2817120491038788,419.7729642220205,101759.20976313512,123.63870471463913,1.0799956461445708,0.059936707771664204,0.0001551221746014088,-0.12028433838524387,-0.00297812079430374,4.0979222172104556e-18,-0.04551278063392665,0.8713864342724489,-0.04801351403440354,1.1141290087360954e-09,0.3738529282765378,501.78582001943374,79407.11602211633,239.87898721530195,1.111298782423921,0.030111548791948294,0.00014509470919477695,-0.06833337939749566,0.04730202074906795,2.306328668916939e-18,-0.01450080835852836,0.9197287596780932,-0.016940575932535173,1.007668672975749e-09,0.2734445446828951,643.7612670306296,125540.37372099006,120.62501449247576,1.0404215743431815,0.05018527099005374,0.00013863193059285593,-0.14756526696426786,-0.007814729009946265,3.3152848566794333e-18,-0.04690736450497313,1.359280355094459,-0.047876486006630845,1.1431535305262932e-09,0.3356785124909085,718.1703175242827,112097.0088789453,171.47064105956144,1.0990322068254241,0.019960366574416945,8.077707116006077e-05,-0.08172940340948993,0.03677206645078257,1.4964264014146147e-18,-0.025049760340726316,1.3403767989910274,-0.005838671798484541
18,0.06149324337740963,0.08906129129276157,0.05579808987083166,0.012787994497138754,0.11153869676119979,0.547503907749755,9.598765623176951e-10,0.2950088107699774,458.3166616312932,103703.98316963133,159.90269895229451,1.0799324298279824,0.05997972894839469,0.00013850973140068477,-0.1352572248979066,0.02226890868937678,4.0979222172104556e-18,-0.041033031169546756,0.9961329894606481,-0.05065713595062509,1.1829931110770116e-09,0.37528544489629423,501.4675174300148,93369.34641872515,221.39866910500945,1.140366879357504,0.030460110177698778,0.000105346700992841,-0.09182524552953071,0.052631493322507106,2.306328668916939e-18,-0.024895505921305097,0.9619299789888099,-0.017443395429753865,1.0089499601835155e-09,0.261601774213498,643.1619582302504,125540.37372099006,122.10109050735312,1.0596593239515288,0.05018527099005374,0.00011980191534938554,-0.1346198787430306,-0.0077732648540161636,3.3152848566794333e-18,-0.04692986543766462,1.342591235757758,-0.05177983380875584,1.1454074140583823e-09,0.33980940807544613,718.1703175242827,121063.59559310549,179.48540180370452,1.104835783178458,0.019907272149893428,6.519647024004484e-05,-0.09560814430843272,0.03690555957141328,1.4964264014146147e-18,-0.02519978664097333,1.2323590669018982,-0.016611910178013913
19,0.040521392087701696,0.07757511755462984,0.044053375189348966,0.01669712539968695,0.7167954010586629,1.478311504169981,9.983875271844994e-10,0.2934062378436778,419.7729642220205,101353.01045913616,159.82649923620363,1.2228443096709851,0.05997933979057047,0.00015490573961003535,-0.1556636514238362,0.0071763265703045235,4.0979222172104556e-18,-0.04701013552580265,0.847460156969077,-0.0480062624332117,1.1335975543226922e-09,0.3877715030566693,501.4675174300148,95243.97477273995,221.60634677399662,1.1392606313001785,0.035207842635687187,0.000105346700992841,-0.09185324825699852,0.050789330920598647,2.306328668916939e-18,-0.02473611765855647,0.8205503190362555,-0.020993656882107622,1.0137445698939473e-09,0.24815984872778632,626.8354468861129,125531.33004455917,120.74960390290711,1.0407228983114971,0.05018194411817661,0.00011524048224983277,-0.1346655400880261,-0.007814729009946265,3.3152848566794333e-18,-0.04690736450497313,1.328564620843361,-0.041970896163416774,1.1449922083298114e-09,0.3409038770145991,718.1703175242827,114619.87939420203,179.31771408488544,1.0996823467924104,0.018984936972888382,7.952524579917956e-05,-0.09249903062137636,0.037059335840337895,1.4964264014146147e-18,-0.026471951613652036,1.1998143443459182,-0.014308840257597303
20,0.05494897032664134,0.05033144110326219,0.0456876906214132,0.022772964938215477,0.15431783940646715,0.200461047856815,9.991553728497788e-10,0.2949594578967894,427.31303347393884,104951.92826494582,159.90269895229451,0.9535905422466637,0.06000644347831157,0.00015486300498245877,-0.1350270280688071,0.00797972894839469,4.0979222172104556e-18,-0.04032647893102938,0.9799275122989021,-0.04801351403440354,1.1552738907641156e-09,0.37522012761450224,501.4675174300148,95190.55089965768,220.9406849873826,1.143681954298673,0.024650563833896657,0.000105346700992841,-0.08672268034632957,0.051210113428391664,2.306328668916939e-18,-0.024944968096374445,0.8331005848563009,-0.023109974060350966,1.0077013237312178e-09,0.2602972844907442,641.0550194848811,125556.19831545313,98.08775121718132,1.065093483031069,0.05018527099005374,9.98758617896189e-05,-0.13061190436859035,-0.007814729009946265,3.3152848566794333e-18,-0.04690736450497313,1.3609263549502686,-0.04787682427730523,1.1454026365666834e-09,0.3418271854541016,718.0912210918683,106923.91108081362,183.53020582609577,1.0996823467924104,0.019928814332246678,7.996313946426972e-05,-0.09199455649415995,0.03699134317944458,1.4964264014146147e-18,-0.022203852765032065,1.2267340749335927,-0.01706353064151796
21,0.29384878104829687,0.2883620492731591,0.03483583615250736,0.034333607374639474,0.6645590165902812,35.71840538151942,9.953355259296298e-10,0.27709885484082164,392.9976197419901,98038.41968713686,153.10542241169935,1.0780726274537307,0.05428948961604193,0.00015380541383181557,-0.1481034492586636,0.009969806915128426,3.742589910188743e-18,-0.044594995384089384,1.1631172296383157,-0.053074118468413284,1.1642220386047263e-09,0.3099431894822634,495.862662927242,90140.22165272175,231.64904123045747,1.0596187332700158,0.03450300754270504,0.0001076425285305592,-0.12426178527106246,0.0526414520028551,2.82907963670775e-18,-0.012374343814007673,0.9328485143553006,-0.01981270040787673,1.0166643549296377e-09,0.2598482270470869,627.3795689629666,136454.4786336007,99.49358049208482,0.9734234431843275,0.04971481565821202,0.00013216487921611887,-0.09738942617297106,-0.02007097663267137,3.2549993353538205e-18,-0.05574416736589233,1.4441048912594878,-0.055047824370250915,1.1449704581039215e-09,0.36766146269808575,656.968044064001,100878.51864764316,188.78557096210298,1.1023451079520021,0.017908912103774148,7.467461290515509e-05,-0.10697019122244056,0.04547931794851996,1.2026961967595443e-18,-0.026378571227969726,1.0510578094308083,-0.01605494545832649
22,0.04795490081874925,0.033275176699185706,0.09896751687478604,0.10119202859656817,0.05826576186599286,0.18869986806379524,1.0256795463373652e-09,0.2944476929815415,386.83457279396686,91492.89227759215,160.42285763993672,0.9607002359616942,0.05933138671632756,0.00015490573961003535,-0.12813529960526404,-0.011735071983979252,4.0979222172104556e-18,-0.04043474118676136,0.9798986447419734,-0.04801351403440354,1.1545570301932176e-09,0.3754431654742957,518.7126648642185,99499.65898643479,220.75494893506155,1.1420965102370264,0.02465763681938405,0.0001040558019541715,-0.09185324825699852,0.053009964026225466,2.306328668916939e-18,-0.025381287469491476,0.8165711834718751,-0.023357779357895538,1.0122294705636922e-09,0.2603705419801075,592.194779724852,125988.4684342161,119.87531360353786,1.040308268706723,0.05018527099005374,0.00012799249534634159,-0.1352386776617319,-0.012102623642558992,3.3152848566794333e-18,-0.047037682474382815,1.3977686371470222,-0.04782897562598816,1.1202078539404899e-09,0.34211693878233634,755.8759794561349,106869.50640275456,173.17686517387375,1.0996823467924104,0.01995696584146906,8.460203374778885e-05,-0.09234495376560713,0.03283231987625845,1.3995367030769191e-18,-0.02428982650597068,1.2093101585400525,-0.01708234672784008
23,0.08224373586941718,0.08264850084362033,0.04174957157507085,0.06623414486968246,0.6605960504837374,0.9740952951566295,9.991538526713732e-10,0.2827960731662249,419.7729642220205,104950.33592356699,159.90269895229451,1.0162798539652576,0.06000644741888161,0.00015477159612952104,-0.1346461861264313,0.006006961316890184,4.0979222172104556e-18,-0.04692730483317841,0.984454449954089,-0.04801745606160302,1.1561871319179917e-09,0.37522462329258355,501.4675174300148,93433.73145512262,220.93929266227698,1.1380327204658258,0.030144308179215193,0.00010197822940208548,-0.103166464542627,0.056514879079697815,2.306328668916939e-18,-0.029451765485759767,0.8324225999168079,-0.016168756849644847,1.0090302128243204e-09,0.26037876753905365,644.339496055698,125504.18484533284,120.39127460696767,1.039546359131165,0.048065214130026984,0.0001314063552395368,-0.1144775124640728,-0.007733585015682659,3.3152848566794333e-18,-0.053891753490237754,1.3624738976904034,-0.05194155545624483,1.1454337351408966e-09,0.3219242357215898,717.6976351267488,115868.77760252339,182.50890671555692,1.1046806057808514,0.01986626621472819,7.97323336040234e-05,-0.09200097529031526,0.03692111065754353,1.4964264014146147e-18,-0.025047647981138472,1.157318850983109,-0.016600654056478724
24,0.03834519399353421,0.038673829514709435,0.08798354208610211,0.07103529316599226,0.1650803597664519,0.4451834998101351,9.990281016004642e-10,0.29493347193757347,419.0981723108138,108755.27367933978,153.07444910287595,0.9564893730946646,0.0599769703198177,0.00015492168641464466,-0.14745442783790563,-0.012220809691194441,4.0979222172104556e-18,-0.044597456335343344,1.1671946894940233,-0.053021764659295145,1.1546277211056904e-09,0.37522012761450224,501.40941901829996,95243.97477273995,231.673151653145,1.140366879357504,0.03011006380725111,0.0001053187693048891,-0.09185324825699852,0.05263222025017663,2.170676782141283e-18,-0.024795629854079952,0.8204862127852981,-0.01984353515353948,1.016469055207675e-09,0.2603705419801075,643.1619582302504,136634.51575697726,120.54624720521917,1.0406175699668458,0.04968482211539623,0.0001307225568612096,-0.135232823732291,-0.0074973037387723335,3.3152848566794333e-18,-0.046906781923815574,1.4393571392297786,-0.047876486006630845,1.1454337351408966e-09,0.3416011793625319,717.6517463830605,114856.9895425233,179.60956998600727,1.0997526580023576,0.019937394826541468,8.53365712061496e-05,-0.09212552644213995,0.028367596981369515,1.4964264014146147e-18,-0.025030306505124764,1.1995235201886152,-0.01706353064151796
